rt_score,Genre_1,Genre_2,Genre_3,imdb_rating,length,rating,studio,title,year
7.5,Sci-Fi,Adventure,Action,7.8,136,PG-13,Marvel Studios,Captain America: The Winter Soldier,2014
7.9,Sci-Fi,Drama,Action,7.7,130,PG-13,20th Century Fox,Dawn of the Planet of the Apes,2014
7.7,Sci-Fi,Adventure,Action,8.1,121,PG-13,Marvel Studios,Guardians of the Galaxy,2014
7,Sci-Fi,Adventure,,8.7,169,PG-13,Paramount Pictures / Warner Bros.,Interstellar,2014
5.7,Family,Adventure,Action,7.1,97,PG,Walt Disney Pictures,Maleficent,2014
5.9,Fantasy,Adventure,Action,6.9,142,PG-13,Columbia Pictures,The Amazing Spider-Man 2,2014
6.3,Fantasy,Adventure,,7.5,144,PG-13,Warner Bros. / New Line Cinema / MGM,The Hobbit: The Battle of the Five Armies,2014
6.3,Sci-Fi,Adventure,,6.8,123,PG-13,Lionsgate Films,The Hunger Games: Mockingjay - Part 1,2014
3.9,Sci-Fi,Adventure,Action,5.8,165,PG-13,Paramount Pictures,Transformers: Age of Extinction,2014
7.6,Sci-Fi,Adventure,Action,8.1,131,PG-13,20th Century Fox,X-Men: Days of Future Past,2014
6.6,Family,Comedy,Animation,7.5,98,PG,Universal / Illumination,Despicable Me 2,2013
6.2,Thriller,Crime,Action,7.2,130,PG-13,Universal,Fast & Furious 6,2013
7.7,Comedy,Animation,Adventure,7.7,102,PG,Walt Disney Pictures,Frozen,2013
9,Thriller,Sci-Fi,Western,7.9,91,PG-13,Warner Bros.,Gravity,2013
7,Sci-Fi,Adventure,Action,7.3,130,PG-13,Marvel Studios,Iron Man 3,2013
6.2,Fantasy,Adventure,Action,7.2,143,PG-13,Warner Bros. / Legendary,Man of Steel,2013
6.8,Comedy,Animation,Adventure,7.4,104,G,Walt Disney Pictures / Pixar,Monsters University,2013
6.8,Fantasy,Adventure,,8,161,PG-13,Warner Bros. / New Line / MGM,The Hobbit: The Desolation of Smaug,2013
7.5,Adventure,Sci-Fi,,7.7,146,PG-13,Lionsgate,The Hunger Games: Catching Fire,2013
6.2,Fantasy,Adventure,Action,7.1,112,PG-13,Marvel Studios,Thor: The Dark World,2013
5.1,Comedy,Animation,Adventure,6.7,88,PG,Fox / Blue Sky,Ice Age: Continental Drift,2012
6.8,Comedy,Adventure,Animation,7,93,PG,Paramount / DreamWorks,Madagascar 3: Europe's Most Wanted,2012
6.1,Sci-Fi,Comedy,Action,6.9,106,PG-13,Columbia,Men in Black 3,2012
8.2,Thriller,Adventure,Action,7.8,143,PG-13,MGM / Columbia,Skyfall,2012
6.7,Fantasy,Adventure,Action,7.1,136,PG-13,Columbia,The Amazing Spider-Man,2012
8,Sci-Fi,Adventure,Action,8.2,143,PG-13,Marvel Studios,The Avengers,2012
8,Thriller,Action,,8.5,165,PG-13,Warner Bros. / Legendary,The Dark Knight Rises,2012
6.6,Fantasy,Adventure,,8,169,PG-13,Warner Bros. / MGM / New Line,The Hobbit: An Unexpected Journey,2012
7.2,Sci-Fi,Adventure,,7.3,142,PG-13,Lionsgate,The Hunger Games,2012
5.2,Fantasy,Drama,Adventure,5.6,115,PG-13,Lionsgate / Summit,The Twilight Saga: Breaking Dawn - Part 2,2012
5.5,Comedy,Animation,Adventure,6.3,106,G,Walt Disney Pictures / Pixar,Cars 2,2011
6.4,Thriller,Crime,Action,7.3,131,PG-13,Universal,Fast Five,2011
8.3,Mystery,Fantasy,Adventure,8.1,130,PG-13,Warner Bros.,Harry Potter and the Deathly Hallows - Part 2,2011
6.9,Animation,Adventure,Action,7.3,91,PG,Paramount / DreamWorks,Kung Fu Panda 2,2011
7.7,Thriller,Adventure,Action,7.4,133,PG-13,Paramount,Mission: Impossible - Ghost Protocol,2011
5.1,Fantasy,Adventure,Action,6.7,136,PG-13,Walt Disney Pictures,Pirates of the Caribbean: On Stranger Tides,2011
5,Comedy,,,6.5,102,R,Warner Bros.,The Hangover Part II,2011
4,Comedy,Animation,Adventure,5.5,103,PG,Columbia / Sony Pictures,The Smurfs,2011
0,Fantasy,Drama,Adventure,4.9,117,PG-13,Summit,The Twilight Saga: Breaking Dawn - Part 1,2011
4.9,Sci-Fi,Adventure,Action,6.3,154,PG-13,Paramount,Transformers: Dark of the Moon,2011
5.7,Fantasy,Family,Adventure,6.5,108,PG,Walt Disney Pictures,Alice in Wonderland,2010
6.8,Family,Comedy,Animation,7.7,95,PG,Universal / Illumination,Despicable Me,2010
7.1,Fantasy,Family,Adventure,7.7,146,PG-13,Warner Bros.,Harry Potter and the Deathly Hallows - Part 1,2010
7.9,Family,Animation,Adventure,8.2,98,PG,Paramount / DreamWorks,How to Train Your Dragon,2010
8,Sci-Fi,Mystery,Action,8.8,148,PG-13,Warner Bros. / Legendary,Inception,2010
6.5,Sci-Fi,Adventure,Action,7.1,124,PG-13,Paramount / Marvel,Iron Man 2,2010
5.9,Comedy,Animation,Adventure,6.4,93,PG,Paramount / DreamWorks,Shrek Forever After,2010
7.5,Family,Comedy,Animation,7.8,100,PG,Disney,Tangled,2010
5.4,Fantasy,Drama,Adventure,4.9,124,PG-13,Summit Entertainment,The Twilight Saga: Eclipse,2010
8.9,Comedy,Animation,Adventure,8.4,103,G,Walt Disney Pictures / Pixar,Toy Story 3,2010
5,Sci-Fi,Adventure,Action,5.8,158,PG-13,Columbia,2012,2009
5.1,Thriller,Mystery,,6.7,138,PG-13,Columbia / Imagine,Angels & Demons,2009
7.4,Fantasy,Adventure,Action,7.9,162,PG-13,Fox,Avatar,2009
7.2,Fantasy,Family,Adventure,7.5,153,PG,Warner Bros.,Harry Potter and the Half-Blood Prince,2009
5.4,Animation,Adventure,Action,7,94,PG,Fox / Blue Sky,Ice Age: Dawn of the Dinosaurs,2009
6.2,Crime,Adventure,Action,7.6,128,PG-13,Warner Bros.,Sherlock Holmes,2009
6.8,Comedy,,,7.8,100,R,Warner Bros. / Legendary,The Hangover,2009
4.7,Fantasy,Drama,Adventure,4.6,130,PG-13,Summit,The Twilight Saga: New Moon,2009
3.9,Sci-Fi,Adventure,Action,6,150,PG-13,Paramount / DreamWorks,Transformers: Revenge of the Fallen,2009
8.7,Comedy,Animation,Adventure,8.3,96,PG,Disney / Pixar,Up,2009
5.4,Fantasy,Action,,6.5,92,PG-13,Columbia,Hancock,2008
6.9,Adventure,Action,,6.2,122,PG-13,Paramount / Lucasfilm,Indiana Jones and the Kingdom of the Crystal Skull,2008
7.6,Sci-Fi,Adventure,Action,7.9,126,PG-13,Paramount / Marvel Studios,Iron Man,2008
7.2,Animation,Adventure,Action,7.6,92,PG,Paramount / DreamWorks,Kung Fu Panda,2008
5.9,Animation,Adventure,Action,6.7,89,PG,Paramount / DreamWorks,Madagascar: Escape 2 Africa,2008
5.5,Romance,Musical,Comedy,6.4,108,PG-13,Universal,Mamma Mia!,2008
6.1,Adventure,Action,,6.7,106,PG-13,MGM / Columbia,Quantum of Solace,2008
6.3,Family,Adventure,Action,6.6,150,PG,Disney / Walden Media,The Chronicles of Narnia: Prince Caspian,2008
8.6,Drama,Crime,Action,9,152,PG-13,Warner Bros. / Legendary,The Dark Knight,2008
8.5,Family,Animation,Adventure,8.4,98,G,Disney / Pixar,WALL-E,2008
6.1,War,Fantasy,Action,7.8,117,R,Warner Bros. / Legendary,300,2007
6.9,Fantasy,Family,Adventure,7.4,138,PG-13,Warner Bros.,Harry Potter and the Order of the Phoenix,2007
6.4,Thriller,Sci-Fi,Drama,7.2,101,PG-13,Warner Bros.,I Am Legend,2007
4.8,Mystery,Adventure,Action,6.5,124,PG,Disney,National Treasure: Book of Secrets,2007
5.5,Fantasy,Adventure,Action,7.1,169,PG-13,Disney,Pirates of the Caribbean: At World's End,2007
8.5,Family,Comedy,Animation,8,111,G,Disney / Pixar,Ratatouille,2007
5.4,Comedy,Animation,Adventure,6.1,93,PG,DreamWorks / Paramount,Shrek the Third,2007
6.2,Adventure,Action,,6.2,139,PG-13,Columbia,Spider-Man 3,2007
7.6,Comedy,Animation,Adventure,7.4,87,PG-13,Fox,The Simpsons Movie,2007
5.8,Sci-Fi,Adventure,Action,7.2,144,PG-13,DreamWorks / Paramount,Transformers,2007
6.9,Comedy,Animation,Adventure,7.2,117,G,Disney / Pixar,Cars,2006
7.8,Thriller,Adventure,Action,8,144,PG-13,MGM / Columbia,Casino Royale,2006
6.9,Family,Comedy,Animation,6.5,108,PG,Warner Bros.,Happy Feet,2006
6.1,Animation,Adventure,Action,6.9,91,PG,Fox / Blue Sky,Ice Age: The Meltdown,2006
6.6,Thriller,Adventure,Action,6.8,126,PG-13,Paramount,Mission: Impossible III,2006
5.3,Comedy,Adventure,Action,6.4,108,PG,Fox,Night at the Museum,2006
6,Fantasy,Adventure,Action,7.3,151,PG-13,Disney,Pirates of the Caribbean: Dead Man's Chest,2006
7,Fantasy,Adventure,Action,6.1,154,PG-13,Warner Bros. / Village Roadshow,Superman Returns,2006
4.8,Thriller,Mystery,,6.5,149,PG-13,Columbia,The Da Vinci Code,2006
5.9,Sci-Fi,Adventure,Action,6.8,104,PG-13,Fox,X-Men: The Last Stand,2006
7.7,Adventure,Action,,8.3,140,PG-13,Warner Bros / Legendary,Batman Begins,2005
7.2,Comedy,Adventure,Family,6.7,115,PG,Warner Bros,Charlie and the Chocolate Factory,2005
7.5,Fantasy,Family,Adventure,7.6,157,PG-13,Warner Bros.,Harry Potter and the Goblet of Fire,2005
6.3,Romance,Comedy,,6.7,118,PG-13,Columbia,Hitch,2005
7.7,Drama,Adventure,Action,7.3,187,PG-13,Universal,King Kong,2005
6.1,Comedy,Animation,Adventure,6.9,86,PG,DreamWorks,Madagascar,2005
6,Crime,Comedy,Action,6.5,120,PG-13,20th Century Fox,Mr. & Mrs. Smith,2005
7.2,Fantasy,Adventure,Action,7.7,140,PG-13,20th Century Fox / Lucasfilm,Star Wars Episode III: Revenge of the Sith,2005
6.9,Fantasy,Family,Adventure,6.9,143,PG,Disney,"The Chronicles of Narnia: The Lion, the Witch and the Wardrobe",2005
7,Thriller,Sci-Fi,Adventure,6.5,116,PG-13,Paramount / DreamWorks,War of the Worlds,2005
7.9,Fantasy,Family,Adventure,7.8,142,PG,Warner Bros.,Harry Potter and the Prisoner of Azkaban,2004
5.2,Romance,Comedy,,6.3,115,PG-13,Universal / DreamWorks,Meet the Fockers,2004
5.9,Thriller,Crime,,6.4,125,PG-13,Warner Bros.,Ocean's Twelve,2004
5.2,Comedy,Adventure,Animation,6,90,PG,DreamWorks,Shark Tale,2004
7.7,Comedy,Animation,Adventure,7.2,93,PG,DreamWorks,Shrek 2,2004
8.3,Adventure,Action,,7.3,127,PG-13,Columbia,Spider-Man 2,2004
5.3,Sci-Fi,Adventure,Action,6.4,124,PG-13,Fox,The Day After Tomorrow,2004
8.3,Animation,Adventure,Action,8,115,PG,Disney / Pixar,The Incredibles,2004
5.9,Drama,,,7.1,127,R,Icon / Newmarket,The Passion of the Christ,2004
6,Adventure,,,7.2,163,R,Warner Bros.,Troy,2004
4.1,Crime,Comedy,Action,6.5,147,R,Columbia,Bad Boys II,2003
5.6,Fantasy,Drama,Comedy,6.7,101,PG-13,Universal,Bruce Almighty,2003
8.6,Comedy,Animation,Adventure,8.2,100,G,Disney / Pixar,Finding Nemo,2003
7.1,Fantasy,Adventure,,8.1,143,PG-13,Disney,Pirates of the Caribbean: The Curse of the Black Pearl,2003
6.6,Sci-Fi,Action,,6.4,109,R,Warner Bros. / Columbia,Terminator 3: Rise of the Machines,2003
6.4,History,Drama,Action,7.7,154,R,Warner Bros.,The Last Samurai,2003
8.7,Fantasy,Adventure,Western,8.9,201,PG-13,New Line,The Lord of the Rings: The Return of the King,2003
6.8,Sci-Fi,Action,,7.2,138,R,Warner Bros.,The Matrix Reloaded,2003
5.3,Sci-Fi,Action,,6.7,129,R,Warner Bros.,The Matrix Revolutions,2003
7.4,Sci-Fi,Adventure,Action,7.5,134,PG-13,Fox,X2,2003
6.1,Crime,Adventure,Action,6.1,133,PG-13,MGM,Die Another Day,2002
7.2,Fantasy,Family,Adventure,7.3,161,PG,Warner Bros.,Harry Potter and the Chamber of Secrets,2002
6.8,Comedy,Animation,Adventure,7.6,81,PG,20th Century Fox / Blue Sky,Ice Age,2002
5.2,Fantasy,Comedy,Action,6,88,PG-13,Columbia,Men in Black II,2002
8.1,Sci-Fi,Mystery,Action,7.7,145,PG-13,DreamWorks / 20th Century Fox,Minority Report,2002
6.7,Romance,Comedy,,6.6,95,PG,IFC Films,My Big Fat Greek Wedding,2002
6.8,Thriller,Sci-Fi,Drama,6.7,106,PG-13,Touchstone,Signs,2002
7.6,Adventure,Action,,7.3,121,PG-13,Columbia / Marvel,Spider-Man,2002
6.6,Fantasy,Adventure,Action,6.7,142,PG,20th Century Fox / Lucasfilm,Star Wars Episode II: Attack of the Clones,2002
8.5,Fantasy,Adventure,,8.7,179,PG-13,New Line Cinema,The Lord of the Rings: The Two Towers,2002
5.1,Thriller,Drama,Crime,6.7,131,R,MGM / Universal,Hannibal,2001
7.1,Fantasy,Family,Adventure,7.5,152,PG,Warner Bros.,Harry Potter and the Sorcerer's Stone,2001
5.2,Sci-Fi,Adventure,Action,5.9,92,PG-13,Universal,Jurassic Park III,2001
8,Comedy,Animation,Adventure,8.1,92,G,Disney / Pixar,"Monsters, Inc.",2001
6.9,Thriller,Crime,,7.8,116,PG-13,Warner Bros,Ocean's Eleven,2001
4.6,Romance,Drama,Action,6,183,PG-13,Touchstone,Pearl Harbor,2001
5.5,Sci-Fi,Adventure,Action,5.7,119,PG-13,20th Century Fox,Planet of the Apes,2001
7.7,Comedy,Animation,Adventure,7.9,90,PG,DreamWorks,Shrek,2001
8.2,Fantasy,Adventure,,8.8,178,PG-13,New Line Cinema,The Lord of the Rings: The Fellowship of the Ring,2001
5.2,Fantasy,Adventure,Action,6.3,130,PG-13,Universal,The Mummy Returns,2001
7.4,Drama,Adventure,,7.7,143,PG-13,Fox,Cast Away,2000
6.2,Family,Animation,Adventure,6.4,82,PG,Disney,Dinosaur,2000
7.2,Drama,Action,,8.5,155,R,DreamWorks / Universal,Gladiator,2000
5.6,Fantasy,Family,Comedy,6,104,PG,Universal,How the Grinch Stole Christmas,2000
6.9,Comedy,,,7,108,PG-13,Universal / DreamWorks,Meet the Parents,2000
6,Thriller,Adventure,Action,6,123,PG-13,Paramount,Mission: Impossible II,2000
5.5,Drama,Adventure,Action,6.4,130,PG-13,Warner Bros.,The Perfect Storm,2000
5.5,Mystery,Horror,Drama,6.6,130,PG-13,DreamWorks / Fox,What Lies Beneath,2000
5.7,Romance,Fantasy,Comedy,6.4,127,PG-13,Paramount,What Women Want,2000
7,Sci-Fi,Adventure,Action,7.4,104,PG-13,Fox,X-Men,2000
8.2,Romance,Drama,,8.4,122,R,DreamWorks Pictures,American Beauty,1999
6,Comedy,Adventure,Action,6.6,95,PG-13,New Line Cinema,Austin Powers: The Spy Who Shagged Me,1999
7.1,Romance,Drama,Comedy,7,124,PG-13,Universal Pictures,Notting Hill,1999
5.8,Fantasy,Adventure,Action,6.6,136,PG,20th Century Fox / Lucasfilm,Star Wars Episode I: The Phantom Menace,1999
7.6,Drama,Animation,Adventure,7.2,88,G,Walt Disney Pictures,Tarzan,1999
7.6,Sci-Fi,Action,,8.7,136,R,Warner Bros.,The Matrix,1999
5.7,Fantasy,Adventure,Action,7,125,PG-13,Universal Pictures,The Mummy,1999
7.6,Thriller,Mystery,Drama,8.2,107,PG-13,Hollywood Pictures,The Sixth Sense,1999
5.7,Crime,Adventure,Action,6.4,128,PG-13,Metro-Goldwyn-Mayer,The World Is Not Enough,1999
8.6,Comedy,Animation,Adventure,7.9,92,G,Walt Disney Pictures / Pixar,Toy Story 2,1999
7.9,Comedy,Animation,Adventure,7.2,95,G,Walt Disney Pictures / Pixar,A Bug's Life,1998
5.2,Sci-Fi,Adventure,Action,6.6,151,PG-13,Touchstone Pictures,Armageddon,1998
5.8,Sci-Fi,Drama,Action,6.1,120,PG-13,DreamWorks Pictures / Paramount Pictures,Deep Impact,1998
5.3,Fantasy,Family,Comedy,5.3,85,PG-13,20th Century Fox,Dr. Dolittle,1998
4,Thriller,Sci-Fi,Action,5.3,139,PG-13,TriStar Pictures,Godzilla,1998
5.8,Thriller,Crime,Action,6.6,127,R,Warner Bros.,Lethal Weapon 4,1998
7.5,Family,Animation,Adventure,7.5,88,G,Walt Disney Pictures,Mulan,1998
8.6,War,Drama,Action,8.6,169,R,DreamWorks Pictures / Paramount Pictures,Saving Private Ryan,1998
8.3,Romance,Drama,Comedy,7.2,123,R,Miramax Films / Universal Pictures,Shakespeare in Love,1998
7,Romance,Comedy,,7.1,119,R,20th Century Fox,There's Something About Mary,1998
7,Drama,Adventure,Action,6.4,124,R,Columbia Pictures,Air Force One,1997
7.2,Romance,Drama,Comedy,7.8,139,PG-13,TriStar Pictures,As Good as It Gets,1997
6.9,Comedy,,,6.8,86,PG-13,Universal Pictures,Liar Liar,1997
7.5,Sci-Fi,Comedy,,7.2,98,PG-13,Columbia Pictures,Men in Black,1997
6.4,Romance,Comedy,,6.3,105,PG-13,TriStar Pictures,My Best Friend's Wedding,1997
6.3,Sci-Fi,Adventure,Action,7.6,126,PG-13,Columbia Pictures,The Fifth Element,1997
7.6,Music,Drama,Comedy,7.2,91,R,Fox Searchlight Pictures,The Full Monty,1997
5.6,Sci-Fi,Adventure,Action,6.5,129,PG-13,Universal Pictures,The Lost World: Jurassic Park,1997
8,Romance,Drama,,7.7,194,PG-13,Paramount Pictures / 20th Century Fox,Titanic,1997
6,Thriller,Adventure,Action,6.5,119,PG-13,United Artists,Tomorrow Never Dies,1997
5.3,Family,Comedy,Adventure,5.6,103,G,Walt Disney Pictures,101 Dalmatians,1996
4.9,Mystery,Drama,Action,6,115,R,Warner Bros.,Eraser,1996
6.3,Sci-Fi,Adventure,Action,6.9,145,PG-13,20th Century Fox,Independence Day,1996
7.4,Romance,Drama,Comedy,7.3,139,R,TriStar Pictures,Jerry Maguire,1996
5.9,Thriller,Adventure,Action,7.1,110,PG-13,Paramount Pictures,Mission: Impossible,1996
6.6,Thriller,Crime,,6.6,121,R,Touchstone Pictures / Imagine Entertainment,Ransom,1996
7.1,Family,Drama,Animation,6.9,91,G,Walt Disney Pictures,The Hunchback of Notre Dame,1996
5.9,Sci-Fi,Romance,Comedy,5.5,95,PG-13,Universal Pictures,The Nutty Professor,1996
6.6,Thriller,Adventure,Action,7.4,136,R,Hollywood Pictures,The Rock,1996
6,Drama,Adventure,Action,6.2,113,PG-13,Warner Bros. / Universal Pictures,Twister,1996
8.1,History,Drama,Adventure,7.6,140,PG,Universal Pictures / Imagine Entertainment,Apollo 13,1995
5.2,Fantasy,Adventure,Action,5.4,121,PG-13,Warner Bros. / PolyGram,Batman Forever,1995
4.8,Fantasy,Family,Comedy,6,100,PG,Universal Pictures,Casper,1995
5.7,Thriller,Adventure,Action,7.6,131,R,20th Century Fox / Cinergi Pictures,Die Hard with a Vengeance,1995
6.9,Thriller,Adventure,Action,7.2,130,PG-13,United Artists,GoldenEye,1995
5.6,Fantasy,Family,Adventure,6.8,104,PG,TriStar Pictures,Jumanji,1995
6,Drama,Animation,Adventure,6.6,81,G,Walt Disney Pictures,Pocahontas,1995
7.6,Mystery,Drama,Thriller,8.7,127,R,New Line Cinema,Seven,1995
9,Comedy,Animation,Adventure,8.3,81,G,Walt Disney Pictures / Pixar,Toy Story,1995
5.2,Sci-Fi,Adventure,Action,6.1,135,PG-13,Universal Pictures,Waterworld,1995
6.9,Drama,Crime,Action,6.9,141,PG-13,Paramount Pictures,Clear and Present Danger,1994
5.9,Comedy,,,7.3,107,PG-13,New Line Cinema,Dumb and Dumber,1994
7.2,Romance,Drama,,8.8,142,PG-13,Paramount Pictures,Forrest Gump,1994
7.6,Romance,Drama,Comedy,7.1,117,R,Gramercy Pictures / PolyGram,Four Weddings and a Funeral,1994
5.9,Romance,Horror,,7.6,123,R,Warner Bros. / Geffen Pictures,Interview with the Vampire: The Vampire Chronicles,1994
7.9,Thriller,Crime,Action,7.2,116,R,20th Century Fox,Speed,1994
3.7,Fantasy,Family,Comedy,4.8,91,PG,Universal Pictures / Amblin Entertainment,The Flintstones,1994
8.2,Drama,Animation,Adventure,8.5,89,G,Walt Disney Pictures,The Lion King,1994
6.4,Fantasy,Crime,Comedy,6.8,101,PG-13,New Line Cinema,The Mask,1994
6.6,Thriller,Comedy,Action,7.2,141,R,20th Century Fox,True Lies,1994
6.2,Thriller,Adventure,Action,6.3,112,R,TriStar Pictures / Carolco Pictures,Cliffhanger,1993
4.6,Romance,Drama,,5.8,117,R,Paramount Pictures,Indecent Proposal,1993
8.3,Thriller,Sci-Fi,Adventure,8,127,PG-13,Universal Pictures / Amblin Entertainment,Jurassic Park,1993
5.8,Family,Drama,Comedy,6.9,125,PG-13,20th Century Fox,Mrs. Doubtfire,1993
6.6,Drama,,,7.7,125,PG-13,TriStar Pictures,Philadelphia,1993
9,History,Drama,Biography,8.9,195,R,Universal Pictures / Amblin Entertainment,Schindler's List,1993
6.5,Romance,Drama,Comedy,6.8,105,PG,TriStar Pictures,Sleepless in Seattle,1993
6.2,Thriller,Mystery,Drama,6.8,154,R,Paramount Pictures,The Firm,1993
7.9,Crime,Adventure,Action,7.8,130,PG-13,Warner Bros.,The Fugitive,1993
5.5,Drama,Crime,Action,6.5,141,PG-13,Warner Bros.,The Pelican Brief,1993
7,Thriller,Drama,,7.6,138,R,Columbia Pictures / Castle Rock Entertainment,A Few Good Men,1992
8.1,Comedy,Animation,Adventure,8,90,G,Walt Disney Pictures,Aladdin,1992
5.9,Thriller,Mystery,Drama,6.9,127,R,TriStar Pictures / Carolco Pictures,Basic Instinct,1992
6.7,Action,,,7,126,PG-13,Warner Bros. / PolyGram,Batman Returns,1992
6.5,Romance,Horror,,7.5,128,R,Columbia Pictures,Bram Stoker's Dracula,1992
3.6,Family,Comedy,Adventure,6.5,120,PG,20th Century Fox,Home Alone 2: Lost in New York,1992
5.5,Thriller,Crime,Action,6.7,118,R,Warner Bros.,Lethal Weapon 3,1992
5.7,Music,Comedy,,6.2,100,PG,Touchstone Pictures,Sister Act,1992
4.8,Music,Drama,Action,6.1,129,R,Warner Bros.,The Bodyguard,1992
6.8,Music,Comedy,,7,94,PG-13,Paramount Pictures,Wayne's World,1992
8.4,Fantasy,Family,Animation,8,84,G,Walt Disney Pictures,Beauty and the Beast,1991
7.1,Thriller,Crime,,7.3,128,R,Universal Pictures,Cape Fear,1991
7,Western,Comedy,,6.7,113,PG-13,Columbia Pictures / Castle Rock Entertainment / Nelson Entertainment,City Slickers,1991
4.4,Family,Comedy,Adventure,6.7,142,PG,TriStar Pictures / Amblin Entertainment,Hook,1991
6.5,Comedy,,,6.7,84,PG-13,20th Century Fox,Hot Shots!,1991
7.7,Thriller,History,Drama,8,189,R,Warner Bros.,JFK,1991
5.7,Drama,Adventure,Action,6.9,143,PG-13,Warner Bros.,Robin Hood: Prince of Thieves,1991
8.3,Sci-Fi,Action,,8.5,137,R,TriStar Pictures / Carolco Pictures / Lightstorm Entertainment,Terminator 2: Judgment Day,1991
5.6,Fantasy,Comedy,,6.8,99,PG-13,Paramount Pictures / Orion Pictures,The Addams Family,1991
8.5,Thriller,,,8.6,118,R,Orion Pictures,The Silence of the Lambs,1991
6.5,Romance,Comedy,Adventure,7.4,118,PG,Universal Pictures,Back to the Future Part III,1990
7.5,Western,Drama,Adventure,8,181,PG-13,Orion Pictures,Dances with Wolves,1990
6.1,Thriller,Action,,7.1,124,R,20th Century Fox / Silver Pictures,Die Hard 2,1990
6.8,Romance,Fantasy,Drama,7,127,PG-13,Paramount Pictures,Ghost,1990
5.1,Family,Comedy,,7.4,103,PG,20th Century Fox,Home Alone,1990
5.1,Crime,Comedy,Action,6,111,PG-13,Universal Pictures,Kindergarten Cop,1990
7.4,Mystery,Drama,Crime,6.9,127,R,Warner Bros.,Presumed Innocent,1990
5.7,Romance,Comedy,,6.9,119,R,Touchstone Pictures,Pretty Woman,1990
4.8,Comedy,Adventure,Action,6.7,93,PG,New Line Cinema,Teenage Mutant Ninja Turtles,1990
7.3,Action,Sci-Fi,Mystery,7.5,113,R,TriStar Pictures / Carolco Pictures,Total Recall,1990
6.1,Sci-Fi,Comedy,Adventure,7.8,108,PG,Universal Pictures,Back to the Future Part II,1989
6.6,Adventure,Action,,7.6,126,PG-13,Warner Bros. / PolyGram,Batman,1989
7.4,War,Drama,Biography,7.2,145,R,Universal Pictures,Born on the Fourth of July,1989
7.2,Drama,,,8,128,PG,Touchstone Pictures,Dead Poets Society,1989
5.2,Horror,Fantasy,Comedy,6.5,108,PG,Columbia Pictures,Ghostbusters II,1989
6.2,Family,Comedy,Adventure,6.2,93,PG,Walt Disney Pictures,"Honey, I Shrunk the Kids",1989
7.9,Adventure,Action,,8.3,127,PG-13,Paramount Pictures / Lucasfilm,Indiana Jones and the Last Crusade,1989
6.6,Thriller,Crime,Action,7.2,114,R,Warner Bros.,Lethal Weapon 2,1989
5,Romance,Comedy,,5.8,93,PG-13,TriStar Pictures,Look Who's Talking,1989
8.1,Fantasy,Family,Animation,7.6,83,G,Walt Disney Pictures,The Little Mermaid,1989
3.5,Comedy,Adventure,Action,5.5,108,PG,Paramount Pictures,"""Crocodile"" Dundee II",1988
7,Comedy,,,7.4,92,PG,Warner Bros. / Geffen Pictures,Beetlejuice,1988
7.9,Fantasy,Drama,Comedy,7.3,104,PG,20th Century Fox / Gracie Films,Big,1988
3.8,Romance,Drama,Comedy,5.8,104,R,Touchstone Pictures,Cocktail,1988
5.8,Romance,Comedy,,6.9,116,R,Paramount Pictures,Coming to America,1988
8.4,Thriller,Action,,8.3,131,R,20th Century Fox / Silver Pictures,Die Hard,1988
7.9,Drama,,,8,133,R,United Artists,Rain Man,1988
7.3,Crime,Comedy,,7.6,85,PG-13,Paramount Pictures,The Naked Gun: From the Files of Police Squad!,1988
4.8,Comedy,,,5.9,107,PG,Universal Pictures,Twins,1988
8.4,Crime,Comedy,Animation,7.7,104,PG,Touchstone Pictures / Amblin Entertainment,Who Framed Roger Rabbit,1988
4.9,Crime,Comedy,Action,6.4,100,R,Paramount,Beverly Hills Cop II,1987
6.7,Thriller,Drama,,6.9,119,R,Paramount Pictures,Fatal Attraction,1987
7.4,War,Drama,Comedy,7.3,121,R,Touchstone,"Good Morning, Vietnam",1987
7.1,Thriller,Crime,Action,7.6,110,R,Warner Bros.,Lethal Weapon,1987
7.8,Romance,Drama,Comedy,7.1,102,PG,Metro-Goldwyn-Mayer,Moonstruck,1987
6.5,Thriller,Comedy,,6.6,117,R,Touchstone,Stakeout,1987
5.4,Comedy,,,6.4,111,PG-13,Universal Pictures,The Secret of My Success,1987
7.4,Thriller,Drama,Crime,8,119,R,Paramount,The Untouchables,1987
6.2,Horror,Fantasy,Comedy,6.5,118,R,Warner Bros.,The Witches of Eastwick,1987
5.9,Family,Drama,Comedy,5.8,102,PG,Touchstone Pictures,Three Men and a Baby,1987
6.7,Adventure,Comedy,Crime,6.5,97,PG-13,Paramount Pictures / 20th Century Fox,"""Crocodile"" Dundee",1986
9,Sci-Fi,Adventure,Action,8.4,137,R,20th Century Fox,Aliens,1986
6.3,Drama,Comedy,Animation,6.9,80,G,Universal Studios,An American Tail,1986
7,Sport,Romance,Comedy,6.5,96,PG-13,Orion Pictures,Back to School,1986
8.1,War,Drama,,8.1,120,R,Orion Pictures,Platoon,1986
7,Crime,Comedy,,6.8,93,R,Buena Vista Pictures Distribution,Ruthless People,1986
6.9,Comedy,Adventure,Action,7.3,119,PG,Paramount Pictures,Star Trek IV: The Voyage Home,1986
3.9,Comedy,Adventure,Action,5.8,94,PG-13,Paramount Pictures,The Golden Child,1986
4.9,Romance,Family,Action,5.8,113,PG,Columbia Pictures,"The Karate Kid, Part II",1986
5.8,Romance,Drama,Action,6.8,110,PG,Paramount Pictures,Top Gun,1986
8.6,Romance,Comedy,Adventure,8.5,116,PG,Universal Pictures / Amblin Entertainment,Back to the Future,1985
6.2,Sci-Fi,,,6.6,117,PG-13,20th Century Fox,Cocoon,1985
6.5,Romance,Drama,Biography,7.2,161,PG,Universal Pictures,Out Of Africa,1985
4.1,Thriller,Adventure,Action,6.4,96,R,TriStar Pictures / Carolco,Rambo: First Blood Part II,1985
4.8,Sport,Drama,,6.7,91,PG,United Artists,Rocky IV,1985
4.4,Comedy,Adventure,,6.3,102,PG,Warner Bros.,Spies Like Us,1985
6.9,Drama,,,7.8,154,PG-13,Warner Bros.,The Color Purple,1985
6.1,Family,Comedy,Adventure,7.8,114,PG,Warner Bros.,The Goonies,1985
4.8,Comedy,Adventure,Action,6,106,PG,20th Century Fox,The Jewel of the Nile,1985
8.1,Romance,Drama,Crime,7.5,112,R,Paramount Pictures,Witness,1985
7.1,Comedy,Action,,7.3,105,R,Paramount Pictures,Beverly Hills Cop,1984
5.7,Romance,Music,Drama,6.4,107,R,Paramount Pictures,Footloose,1984
8.2,Fantasy,Comedy,,7.8,105,PG,Columbia Pictures,Ghostbusters,1984
7.3,Horror,Comedy,,7.2,106,PG,Warner Bros.,Gremlins,1984
7.2,Action,Adventure,Drama,7.6,118,PG,Paramount Pictures / Lucasfilm,Indiana Jones and the Temple of Doom,1984
4.5,Comedy,,,6.6,96,R,Warner Bros. / The Ladd Company,Police Academy,1984
7.3,Comedy,Adventure,Action,6.9,106,PG,20th Century Fox,Romancing the Stone,1984
6.4,Sci-Fi,Adventure,Action,6.6,105,PG,Paramount Pictures,Star Trek III: The Search for Spock,1984
6.9,Family,Drama,Action,7.2,126,PG,Columbia Pictures,The Karate Kid,1984
8.7,Sci-Fi,Action,,8.1,107,R,Orion Pictures,The Terminator,1984
4.7,Romance,Music,Drama,6.1,95,R,Paramount Pictures / PolyGram,Flashdance,1983
6.1,Drama,Comedy,Western,6.4,91,PG,20th Century Fox,Mr. Mom,1983
5.2,Thriller,Adventure,Action,6.6,131,PG,United Artists,Octopussy,1983
7.5,Drama,Crime,Comedy,6.8,99,R,Warner Bros.,Risky Business,1983
6.8,Fantasy,Adventure,Action,8.4,134,PG,Lucasfilm / 20th Century Fox,Star Wars Episode VI: Return of the Jedi,1983
2.7,Romance,Music,Drama,4.4,93,PG,Paramount Pictures,Staying Alive,1983
5.6,Thriller,Action,,6.6,117,R,Warner Bros.,Sudden Impact,1983
7.5,Drama,Comedy,,7.4,132,R,Paramount Pictures,Terms of Endearment,1983
7.2,Comedy,,,7.5,116,R,Paramount Pictures,Trading Places,1983
7.6,Thriller,Sci-Fi,,7.1,114,PG,United Artists,WarGames,1983
7.3,Crime,Comedy,Action,6.9,96,R,Paramount Pictures,48 Hrs.,1982
7.4,Romance,Drama,,7,124,R,Paramount Pictures / Lorimar,An Officer and a Gentleman,1982
5,Family,Drama,Comedy,6.5,127,PG,Columbia Pictures / Rastar,Annie,1982
9.1,Sci-Fi,Family,Western,7.9,115,PG,Universal Pictures,E.T. the Extra-Terrestrial,1982
7.2,Horror,,,7.4,114,PG,Metro-Goldwyn-Mayer,Poltergeist,1982
4.6,Comedy,,,6.1,94,R,20th Century Fox,Porky's,1982
5.4,Sport,Drama,,6.7,99,PG,United Artists,Rocky III,1982
7.9,Drama,Adventure,Action,7.7,113,PG,Paramount Pictures,Star Trek II: The Wrath of Khan,1982
5.1,Musical,Comedy,,5.7,114,R,Universal Pictures / RKO Pictures,The Best Little Whorehouse in Texas,1982
7.7,Romance,Comedy,,7.4,116,PG,Columbia Pictures,Tootsie,1982
7.2,Romance,Comedy,,6.9,97,PG,Orion Pictures / Warner Bros.,Arthur,1981
7.7,Sport,History,Drama,7.2,119,PG,Warner Bros. / Ladd,Chariots of Fire,1981
6.3,Thriller,Adventure,Action,6.8,127,PG,United Artists,For Your Eyes Only,1981
7.6,Drama,,,7.7,109,PG,Universal Pictures / ITC,On Golden Pond,1981
9.1,Adventure,Action,,8.6,115,PG,Paramount Pictures / Lucasfilm,Raiders of the Lost Ark,1981
6.6,War,Comedy,,6.9,106,R,Columbia Pictures,Stripes,1981
7.5,Sci-Fi,Romance,Action,6.8,127,PG,Warner Bros.,Superman II,1981
4.2,Comedy,Action,,6.1,95,PG,20th Century Fox / Golden Harvest,The Cannonball Run,1981
6.1,Drama,Comedy,,7.2,107,PG,Universal Pictures,The Four Seasons,1981
7.9,Fantasy,Comedy,Adventure,7,110,PG,Embassy Pictures,Time Bandits,1981
6.8,Comedy,,,6.6,110,PG,20th Century-Fox,9 to 5,1980
8.3,Comedy,,,7.8,88,PG,Paramount Pictures,Airplane!,1980
4.9,Comedy,Action,,6,116,PG,Warner Bros. Pictures,Any Which Way You Can,1980
8.3,Music,Drama,Biography,7.5,124,PG,Universal Studios,Coal Miner's Daughter,1980
6.8,War,Comedy,,6,109,R,Warner Bros.,Private Benjamin,1980
4,Crime,Comedy,Action,5.1,100,PG,Universal Studios,Smokey and the Bandit II,1980
8.7,Adventure,Action,Fantasy,8.8,124,PG,20th Century Fox,Star Wars Episode V: The Empire Strikes Back,1980
6.1,Crime,Comedy,,6.8,111,R,Columbia Pictures,Stir Crazy,1980
2.7,Romance,Drama,Adventure,5.7,104,R,Columbia Pictures,The Blue Lagoon,1980
7.1,Crime,Comedy,Action,8,133,R,Universal Studios,The Blues Brothers,1980
6.4,Romance,Comedy,,6,122,R,Warner Bros. Pictures,10,1979
8.9,Sci-Fi,Horror,,8.5,117,R,20th Century Fox Film Corporation,Alien,1979
8.9,War,Drama,,8.5,153,R,United Artists Pictures,Apocalypse Now,1979
7.8,Drama,,,7.8,105,PG-13,Columbia Pictures,Kramer vs. Kramer,1979
5.7,Crime,Adventure,Action,6.2,126,PG,United Artists Pictures,Moonraker,1979
6.4,Sport,Drama,Action,7.1,119,PG,United Artists Pictures,Rocky II,1979
5.7,Sci-Fi,Mystery,Adventure,6.4,132,PG,Paramount Pictures,Star Trek: The Motion Picture,1979
4.4,Horror,Drama,,6.2,117,R,American International Pictures,The Amityville Horror,1979
6.6,Comedy,,,7.2,94,R,Universal Studios,The Jerk,1979
7.8,Family,Comedy,Adventure,7.7,95,G,Associated Film Distribution,The Muppet Movie,1979
8.6,Horror,Drama,,8,127,R,United Film Distribution Company,Dawn of the Dead,1978
4.5,Comedy,Action,,6.2,114,PG,Warner Bros.,Every Which Way but Loose,1978
6.6,Romance,Musical,,7.2,110,PG-13,Paramount Pictures,Grease,1978
7.1,Sport,Romance,Comedy,6.9,101,PG,Paramount Pictures,Heaven Can Wait,1978
5.3,Comedy,Action,,6.2,99,PG,Warner Bros.,Hooper,1978
5.3,Thriller,Horror,,5.7,116,PG,Universal Pictures,Jaws 2,1978
7.7,Comedy,,,7.6,109,R,Universal Pictures,National Lampoon's Animal House,1978
6.6,Mystery,Comedy,Crime,6.7,99,PG,United Artists,Revenge of the Pink Panther,1978
8,Sci-Fi,Drama,Action,7.3,143,PG,Warner Bros.,Superman,1978
8.6,War,Drama,,8.2,182,R,Universal Pictures,The Deer Hunter,1978
6.8,War,History,Drama,7.4,175,PG,United Artists,A Bridge Too Far,1977
8.9,Romance,Drama,Comedy,8.1,93,PG,United Artists,Annie Hall,1977
8.8,Sci-Fi,Drama,,7.7,137,PG,Columbia Pictures,Close Encounters of the Third Kind,1977
6.1,Fantasy,Comedy,,6.5,98,PG,Warner Bros.,"Oh, God!",1977
7.5,Romance,Music,Drama,6.8,118,R,Paramount Pictures,Saturday Night Fever,1977
6.3,Romance,Comedy,Action,6.8,96,PG,Universal Pictures,Smokey and the Bandit,1977
8.3,Fantasy,Adventure,Action,8.7,121,PG,Lucasfilm / 20th Century Fox,Star Wars,1977
4.7,Thriller,Mystery,Adventure,6.1,123,PG,Columbia Pictures,The Deep,1977
6.5,Romance,Drama,Comedy,7.4,111,PG,Metro-Goldwyn-Mayer / Warner Bros. / Rastar,The Goodbye Girl,1977
6.8,Thriller,Adventure,Action,7.1,125,PG,United Artists,The Spy Who Loved Me,1977
5.3,Romance,Music,Drama,6.5,139,R,Warner Bros. Pictures,A Star Is Born,1976
9.1,Thriller,Drama,,8,138,R,Warner Bros. Pictures,All the President's Men,1976
0,Family,Documentary,,4.6,99,G,Sunn Classic Pictures,In Search of Noah's Ark,1976
4.7,Horror,Fantasy,Adventure,5.8,134,PG,Paramount Pictures,King Kong,1976
5.9,History,Drama,Action,6.7,132,PG,Universal Studios / Cinema International Corporation,Midway,1976
8.3,Sport,Drama,,8.1,119,PG,United Artists Pictures,Rocky,1976
6.5,Crime,Comedy,Action,6.9,114,PG,20th Century-Fox Film Corporation,Silver Streak,1976
6.3,Thriller,Crime,Action,6.8,96,R,Warner Bros. Pictures,The Enforcer,1976
7.1,Mystery,Horror,Drama,7.6,111,R,20th Century Fox Film Corporation,The Omen,1976
0,History,Documentary,,7,27,G,National Air and Space Museum,To Fly!,1976
0,Drama,,,6,88,PG,Columbia Pictures,"Aloha, Bobby and Rose",1975
8.5,Drama,Crime,,8.1,125,R,Warner Bros.,Dog Day Afternoon,1975
4.6,Musical,Drama,Comedy,6.4,136,PG,Columbia Pictures,Funny Lady,1975
6.2,Romance,Drama,,6.3,109,R,Columbia Pictures,Shampoo,1975
6.2,Western,Family,Comedy,6.2,100,G,Walt Disney Productions,The Apple Dumpling Gang,1975
0,Drama,Western,War,6.4,103,PG,Universal Pictures,The Other Side of the Mountain,1975
6.7,Mystery,Crime,Comedy,7.1,113,G,United Artists,The Return of the Pink Panther,1975
,,,,,,,,,
6.8,Thriller,Sci-Fi,Drama,6.7,106,PG-13,Touchstone,Signs,2002
